School,Zip
College of William and Mary,
United States Naval Academy,",21402,21402"
United States Military Academy,
University of Georgia,",30602,26000"
Pennsylvania State University-Main Campus,",16802"
University of North Carolina at Chapel Hill,
North Carolina State University at Raleigh,
Virginia Polytechnic Institute and State University,",10400,24061,24061"
Clemson University,",29634"
University of Virginia-Main Campus,
University of Michigan-Ann Arbor,",48109"
The University of Texas at Austin,",51000,78701"
Georgia Institute of Technology-Main Campus,
University of Illinois at Urbana-Champaign,
University of Florida,",32611"
University of Massachusetts-Amherst,
University of Delaware,
College of William and Mary,
United States Naval Academy,",21402,21402"
United States Military Academy,
University of Georgia,",30602,26000"
Pennsylvania State University-Main Campus,",16802"
University of North Carolina at Chapel Hill,
North Carolina State University at Raleigh,
Virginia Polytechnic Institute and State University,",10400,24061,24061"
Clemson University,",29634"
University of Virginia-Main Campus,
University of Michigan-Ann Arbor,",48109"
The University of Texas at Austin,",51000,78701"
Georgia Institute of Technology-Main Campus,
University of Illinois at Urbana-Champaign,
University of Florida,",32611"
University of Massachusetts-Amherst,
University of Delaware,
Purdue University-Main Campus,
Miami University-Oxford,",45042"
Indiana University-Bloomington,",46202"
University of Maryland-College Park,",21202,20742,20742,20742"
The University of Tennessee-Knoxville,",27000,37916,37916"
University of Oklahoma-Norman Campus,
Michigan State University,",48824,48824"
University of Connecticut,",06269"
Colorado School of Mines,",80401"
University of Puerto Rico-Rio Piedras,",00931,23315,23315,00931"
Auburn University,",36849,36849"
University of Minnesota-Twin Cities,
University of California-Berkeley,",94720,94720,94720,94720"
Binghamton University,",13850,13902"
Texas A & M University-College Station,
University of California-Santa Barbara,",93106,93106"
Florida State University,
University of Utah,",28000"
University of Wisconsin-Madison,",53715,53715"
University of Pittsburgh-Pittsburgh Campus,",15213,15213,15213,15260"
Michigan Technological University,
James Madison University,",22807"
California Polytechnic State University-San Luis Obispo,",93407,93407"
Oregon State University,
University of California-Davis,",95616,95616,95616"
Appalachian State University,",28608,32004,28608"
University of Colorado Boulder,
University of Nebraska-Lincoln,
Iowa State University,
Arizona State University-Tempe,",85287,85281"
Truman State University,
University of California-San Diego,
University of Wisconsin-La Crosse,
University of Oregon,
Oklahoma State University-Main Campus,",74078"
University of California-Riverside,",92521"
Pennsylvania State University-Penn State Erie-Behrend College,",16563,16563,16563"
University of California-Los Angeles,",90095,10833"
Colorado State University-Fort Collins,
The University of Alabama,",35487,35401"
University of Arkansas,",72701,72701"
University of California-Irvine,",92697,95616,92697"
Arizona State University-West,",85306"
United States Air Force Academy,
University of Washington-Seattle Campus,
Georgia College & State University,",51000"
University of Idaho,
University of Maryland-Baltimore County,",21201"
Missouri University of Science and Technology,
University of Kentucky,",40506,40506"
Christopher Newport University,
Rutgers University-New Brunswick,",08901,08901"
Texas Tech University,",38000"
University of South Carolina-Columbia,",29208,29208,29208"
Louisiana State University and Agricultural & Mechanical College,
The University of Texas at Dallas,
New Jersey Institute of Technology,
University of California-Santa Cruz,",95064"
The College of New Jersey,
University of Wyoming,",14000,82071"
University of Central Florida,",32816,12585,12851"
University of Houston,",75000"
University of South Florida-Main Campus,
George Mason University,",22030"
Grand Valley State University,",49401"
University of Massachusetts-Lowell,
University of North Carolina Wilmington,
University of Kansas,
Pennsylvania State University-Penn State Harrisburg,",17057"
University of Mary Washington,
SUNY College at Geneseo,
Ohio State University-Main Campus,",43210"
University at Buffalo,
University of Missouri-Columbia,",65211,65212,65212"
University of New Hampshire-Main Campus,
New College of Florida,
Mississippi State University,
Temple University,",19122"
University of Northern Iowa,
Rutgers University-Newark,
University of Iowa,",52242,52242"
Georgia State University,",51000,30303,26000"
Florida Agricultural and Mechanical University,",32307,32307,32307"
Ball State University,",92084"
Florida International University,",33131,11200,11200,11200,11200,11200"
University of Alabama in Huntsville,
University of Rhode Island,
Murray State University,
Stony Brook University,
West Chester University of Pennsylvania,
University of Mississippi,",24000"
University of Vermont,",05405,05405,04501"
University of Arizona,
CUNY Bernard M Baruch College,",10010,10010"
University of Hawaii at Manoa,",96822"
University of Cincinnati-Main Campus,
East Carolina University,
San Diego State University,
State University of New York at New Paltz,
University of Illinois at Springfield,
Ohio University-Main Campus,
University of Wisconsin-Eau Claire,",54703"
University of North Carolina at Charlotte,",30000"
University of Minnesota-Duluth,",55812"
Virginia Commonwealth University,",23284"
North Dakota State University-Main Campus,",58102"
Oregon Institute of Technology,
University of Illinois at Chicago,
University of Maine,
Salisbury University,
University of Michigan-Dearborn,",48128"
Pennsylvania State University-Penn State York,
University of Wisconsin-Whitewater,
Towson University,
Ramapo College of New Jersey,
University of California-Merced,
South Dakota State University,
College of Charleston,
Slippery Rock University of Pennsylvania,
Pennsylvania State University-Penn State Altoona,",16601,16601,16601"
Arkansas State University-Main Campus,
University of Louisville,",40292"
Illinois State University,",61761"
Western Michigan University,
Western Carolina University,",28723,28723"
Western Washington University,",96691"
University of North Florida,",32224,32224"
Pittsburg State University,",66762,38403"
Middle Tennessee State University,
CUNY City College,
Washington State University,",99164,99164"
Florida Atlantic University,",33431,33431"
University of Washington-Tacoma Campus,
CUNY Queens College,
University of Nevada-Reno,",89557"
University of Alabama at Birmingham,",35294,35294,35233"
SUNY at Albany,",17000,12222"
University of Memphis,
University of North Dakota,
California State University-Fullerton,
California State University-Long Beach,
Georgia Southern University,",26000"
Montana Technological University,
North Carolina Central University,
University of South Dakota,
Utah State University,",28000"
Emporia State University,",66801"
CUNY Hunter College,
California State Polytechnic University-Pomona,
University of Massachusetts-Boston,
Southern Illinois University-Edwardsville,
Rutgers University-Camden,
CUNY Brooklyn College,
Wichita State University,
Boise State University,
SUNY Cortland,
Kent State University at Kent,",44242,44004,44242"
University of Missouri-St Louis,
California State University-Chico,
University of North Carolina at Greensboro,",27412,26170,52666"
University of Central Arkansas,",72035"
Central Michigan University,
University of New Hampshire at Manchester,
University of Wisconsin-Oshkosh,",54901,54901"
The University of West Florida,",11000,11000,11000,11000"
Stockton University,
University of Alaska Fairbanks,",99775"
SUNY College at Plattsburgh,",12901"
SUNY College of Technology at Delhi,",13753"
Kansas State University,
University of North Carolina at Asheville,
Old Dominion University,",23529"
University of Missouri-Kansas City,",64110,64110,64110"
Longwood University,
Wayne State University,
Louisiana Tech University,",71272"
Ferris State University,",56671"
The University of Tennessee-Martin,
Tennessee Technological University,
Northern Illinois University,
West Virginia University,
SUNY College at Oswego,",13126"
Missouri State University-Springfield,",65897,65897,65897,65897,65897,65897"
University of North Texas,",76203"
California State University-Stanislaus,",33439"
Winona State University,
Northwest Missouri State University,
Millersville University of Pennsylvania,
University of Houston-Clear Lake,",75000"
Winston-Salem State University,",27863"
SUNY at Purchase College,",10577"
San Jose State University,",95192"
Montana State University,
University of Toledo,",20500"
Frostburg State University,
Texas State University,
University of North Georgia,
Bowling Green State University-Main Campus,",43403,43403"
Rowan University,
Edinboro University of Pennsylvania,
Kutztown University of Pennsylvania,",15200,15200"
Sam Houston State University,",18000"
CUNY Lehman College,
The University of Texas Rio Grande Valley,",78539"
University of Pittsburgh-Johnstown,",15904,15904"
Southeast Missouri State University,
University of Wisconsin-Milwaukee,",53211"
New Mexico State University-Main Campus,",30001,30001"
University of Baltimore,",21201"
Jacksonville State University,",36265"
Winthrop University,
Morehead State University,",40351"
Clarion University of Pennsylvania,",16214,16214,16214"
Eastern Connecticut State University,",06226"
Southern Illinois University-Carbondale,
Florida Gulf Coast University,",33965,10501,10501,33965,10501,10501,10501"
University of Nebraska at Omaha,
Northern Michigan University,",50000"
Northern Arizona University,",86011"
Pennsylvania State University-Penn State Lehigh Valley,",18034"
Eastern Illinois University,",61920"
California State University-Fresno,",93740"
Western Oregon University,",97361"
Southern Utah University,
California State University-Monterey Bay,
University of Central Missouri,
Worcester State University,",01602"
Minnesota State University-Mankato,",87120"
California State University-San Bernardino,",92407,92407"
University of North Alabama,
University of Massachusetts-Dartmouth,",02747,02747"
Portland State University,",97201"
Saginaw Valley State University,
University of Louisiana at Lafayette,",43588,18000,70503"
Shippensburg University of Pennsylvania,
University of Southern Mississippi,
Minnesota State University Moorhead,",56563,56563"
Radford University,",24142"
San Francisco State University,
Morgan State University,
SUNY at Fredonia,",14063"
University of Michigan-Flint,
The University of Tennessee-Chattanooga,",37403"
Eastern Kentucky University,",40475,40475"
Oakland University,",19000"
Bloomsburg University of Pennsylvania,",17815"
University of Puerto Rico-Mayaguez,",00681,00681,00681"
Sonoma State University,
Southern Polytechnic State University,",27975"
Nicholls State University,
California State University-Channel Islands,",93012"
University of North Carolina at Pembroke,",21167"
University of Wisconsin-Stout,",54751"
University of Arkansas at Little Rock,",72204"
University of New Mexico-Main Campus,
East Tennessee State University,
SUNY College at Brockport,
Montclair State University,",07043,07043"
University of Northern Colorado,
University of Nevada-Las Vegas,",89154"
The University of Montana,",59812"
California State University-Sacramento,
Pennsylvania State University-Penn State Abington,",19001,19001"
Bemidji State University,
University of South Alabama,",36688"
California State University-Bakersfield,
Western Kentucky University,
CUNY John Jay College of Criminal Justice,
Stephen F Austin State University,
Eastern Michigan University,
California State University-Northridge,",18111,91330,18111,18111,18111,18111"
Farmingdale State College,",11735,11735"
The University of Texas at Arlington,",76019,76019"
Southeastern Louisiana University,",15000"
Pennsylvania State University-Penn State DuBois,
The University of Texas at San Antonio,
Marshall University,
Central Connecticut State University,
University of Southern Indiana,",47712,47712"
Dickinson State University,
Saint Cloud State University,",56301"
Georgia Highlands College,",30121,30161,30132"
The University of Texas at El Paso,",79968,79968,79968,79968"
North Carolina A & T State University,
Kennesaw State University,",30144,30144"
University of New Orleans,",70126"
Western Illinois University,",61455,61455,61455"
SUNY College at Old Westbury,",11568"
California State University-Los Angeles,",90032,90032"
Columbus State University,
SUNY College of Technology at Canton,",13617"
University of Louisiana at Monroe,
Indiana University of Pennsylvania-Main Campus,
University of Wisconsin-Green Bay,
Bridgewater State University,",02325"
Fitchburg State University,",01420"
Eastern Washington University,",99004"
Delaware State University,",19901,19901"
Clayton  State University,
Dakota State University,
California University of Pennsylvania,",15419"
Texas Woman's University,",29300,57611"
Youngstown State University,",11000"
Pennsylvania College of Technology,",16901"
Alcorn State University,",39096,39096"
Troy University,",36082,36082"
College of Staten Island CUNY,
California State University-Dominguez Hills,",90747"
Salem State University,
University of Arkansas at Pine Bluff,
Coastal Carolina University,",14427"
Keene State College,
Prairie View A & M University,
Cleveland State University,",44115"
California State University-East Bay,",25800,25800,25800,25800,25800"
Lock Haven University,
Westfield State University,",01085"
Grambling State University,
Rhode Island College,
University of Hawaii at Hilo,
University of West Georgia,",30118"
Texas A & M International University,
University of Akron Main Campus,
Fayetteville State University,
SUNY College of Technology at Alfred,",14802,14802,14802"
Minot State University,
Southern Connecticut State University,
Delta State University,
Lamar University,
Central Washington University,
West Texas A & M University,
California State University-San Marcos,
University of Colorado Colorado Springs,
Norfolk State University,",23504"
Eastern Oregon University,
Southwestern Oklahoma State University,
Francis Marion University,",19516"
Northwestern State University of Louisiana,",71497"
Mansfield University of Pennsylvania,",16933,16933,16933"
SUNY College at Potsdam,",13676,13654,13654"
Framingham State University,
University of Colorado Denver/Anschutz Medical Campus,",12454,13001,13001,80045"
Fort Valley State University,
East Stroudsburg University of Pennsylvania,
University of Central Oklahoma,
The University of Texas at Tyler,",75799"
Texas A & M University-Kingsville,
University of Pittsburgh-Greensburg,
Humboldt State University,
Purdue University Global-Davenport,
The Evergreen State College,
Purdue University-Calumet Campus,",46323"
Lincoln University,
McNeese State University,",70609,91740"
Wright State University-Main Campus,
University of Houston-Downtown,
Chicago State University,",60628"
Lewis-Clark State College,",83501"
Auburn University at Montgomery,",36117"
New Jersey City University,",07305"
Colorado Mesa University,
University of Southern Maine,",04038"
Savannah State University,
Valdosta State University,",31698"
Henderson State University,
Angelo State University,
Virginia State University,",23806"
University of Maryland Eastern Shore,",30665,21853,21853,21853"
Tarleton State University,",10850,76036,76065,10850,76036"
Plymouth State University,
Mississippi Valley State University,",14000,14000,38941,14000,14000,14000,14000"
Austin Peay State University,
Northeastern State University,",74014"
Texas A & M University-Commerce,
Indiana University-Purdue University-Indianapolis,
Armstrong State University,",26000,11935,31419,11935,11935"
Southern Oregon University,",97520"
Fort Lewis College,
Shepherd University,",25443,25443"
William Paterson University of New Jersey,",07470"
Bowie State University,",14000,21202,14000"
Midwestern State University,
Colorado State University-Pueblo,
Indiana University-South Bend,
Abraham Baldwin Agricultural College,",31793"
Augusta State University,",30906,30813"
